{
    "multipart": [
        {
          "when": {
            "down": "true"
          },
          "apply": {
            "model": "gravity_changer:block/plating",
            "uvlock": true
          }
        },
        {
          "when": {
            "up": "true"
          },
          "apply": {
            "model": "gravity_changer:block/plating",
            "x": 180,
            "uvlock": true
          }
        },
        {
          "when": {
            "south": "true"
          },
          "apply": {
            "model": "gravity_changer:block/plating",
            "x": 90,
            "uvlock": true
          }
        },
        {
          "when": {
            "west": "true"
          },
          "apply": {
            "model": "gravity_changer:block/plating",
            "x": 90,
            "y": 90,
            "uvlock": true
          }
        },
        {
          "when": {
            "north": "true"
          },
          "apply": {
            "model": "gravity_changer:block/plating",
            "x": 90,
            "y": 180,
            "uvlock": true
          }
        },
        {
          "when": {
            "east": "true"
          },
          "apply": {
            "model": "gravity_changer:block/plating",
            "x": 90,
            "y": 270,
            "uvlock": true
          }
        }
    ]
}