{
  "schemaVersion": 1,
  "id": "gravity_changer_q",
  "version": "${version}",

  "name": "Gravity Changer (qouteall fork)",
  "description": "Lets you change gravity",
  "contact": {
    "issues": "https://github.com/qouteall/Gravity-Api/issues",
    "sources": "https://github.com/qouteall/Gravity-Api"
  },
  "authors": [
    "Gaider10",
    "Fusion Flux",
    "qouteall",
    "CyborgCabbage",
    "other contributors (see GitHub)"
  ],
  "license": "MIT",
  "icon": "assets/gravity_changer/icon.png",
  
  "environment": "*",
  "entrypoints": {
    "preLaunch": [
      "com.llamalad7.mixinextras.MixinExtrasBootstrap::init"
    ],
    "main": [
      "gravity_changer.GravityChangerMod"
    ],
    "client": [
      "gravity_changer.GravityChangerModClient"
    ],
    "modmenu": [
      "gravity_changer.ModMenuIntegration"
    ],
    "cardinal-components": [
      "gravity_changer.GravityChangerComponents"
    ]
  },
  "mixins": [
    "gravity_changer.mixins.json"
  ],

  "depends": {
    "fabricloader": ">=0.11.3",
    "fabric": "*",
    "minecraft": "1.20.4",
    "java": ">=17",
    "cloth-config2": "*",
    "cardinal-components-base": "*",
    "cardinal-components-entity": "*"
  },
  "custom": {
    "cardinal-components": [
      "gravity_changer:gravity_data",
      "gravity_changer:dimension_data"
    ],
    "lithium:options": {
      "mixin.entity.collisions": false,
      "mixin.entity.fast_suffocation_check": false
    }
  }
}
