{
  "required": true,
  "minVersion": "0.8",
  "package": "gravity_changer.mixin",
  "compatibilityLevel": "JAVA_17",
  "mixins": [
    "AbstractArrowMixin",
    "AbstractHorseMixin",
    "AbstractMinecartMixin",
    "AbstractSkeletonMixin",
    "AreaEffectCloudMixin",
    "BegGoalMixin",
    "CrossbowItemMixin",
    "DirectionMixin",
    "DrownedMixin",
    "EndermanMixin",
    "EntityAccessor",
    "EntityCollisionContextMixin",
    "EntityMixin",
    "ExperienceBottleItemMixin",
    "ExperienceOrbMixin",
    "ExplosionMixin",
    "FallingBlockMixin",
    "FireworkRocketMixin",
    "FishinghookMixin",
    "FoxMixin",
    "IllusionerMixin",
    "ItemMixin",
    "LivingEntityMixin",
    "LlamaSpitMixin",
    "LookAtPlayerGoalMixin",
    "LookControlMixin",
    "MobMixin",
    "PiglinMixin",
    "PillagerMixin",
    "PistonMovingBlockEntityMixin",
    "PlayerListMixin",
    "PlayerMixin",
    "PointedDripstoneBlockMixin",
    "PrimedTntMixin",
    "ProjectileMixin",
    "RamTargetMixin",
    "ServerGamePacketListenerImplMixin",
    "ShulkerBoxBlockEntityMixin",
    "ShulkerMixin",
    "SnowGolemMixin",
    "ThrowablePotionItemMixin",
    "ThrowableProjectileMixin",
    "ThrownExperienceBottleMixin",
    "ThrownPotionMixin",
    "UseOnContextMixin",
    "WitchMixin",
    "WitherBossMixin",
    "debug.MixinEntity_Debug",
    "fall_distance.ServerPlayerMixin_FallDistance",
    "item.BehaviorUtilsMixin"
  ],
  "client": [
    "client.BiomeAmbientSoundHandlerMixin",
    "client.CameraMixin",
    "client.ClientPacketListenerMixin",
    "client.EntityRenderDispatcherMixin",
    "client.EntityRenderMixin",
    "client.FishingHookEntityRendererMixin",
    "client.GameRendererMixin",
    "client.ItemPickupParticleMixin",
    "client.LocalPlayerEntityMixin",
    "client.PlayerRendererMixin",
    "client.RemotePlayerEntityMixin",
    "client.ScreenEffectRendererMixin"
  ],
  "injectors": {
    "defaultRequire": 1
  }
}
